id,first_name,last_name,email,gender,age
1,Cointon,Corrado,ccorrado0@phoca.cz,Male,60
2,Shepard,Parkinson,sparkinson1@bandcamp.com,Male,47
3,Gill,McNeil,gmcneil2@tamu.edu,Female,65
4,Polly,Ferry,pferry3@ask.com,Female,27
5,Magda,Bartlet,mbartlet4@hostgator.com,Female,13
6,Harley,Date,hdate5@pbs.org,Male,47
7,Amye,Curgenuer,acurgenuer6@si.edu,Female,57
8,Che,Nicholl,cnicholl7@bing.com,Male,36
9,Spike,Rodrigues,srodrigues8@bing.com,Male,15
10,Tammi,Botwood,tbotwood9@google.it,Female,72
11,Bordy,Buesden,bbuesdena@admin.ch,Male,25
12,Lib,Gudgion,lgudgionb@nymag.com,Female,53
13,Astrix,Savary,asavaryc@last.fm,Female,60
14,Pail,Troak,ptroakd@umich.edu,Female,36
15,Dud,Mace,dmacee@free.fr,Male,58
16,Renaud,Schuricht,rschurichtf@reddit.com,Male,69
17,Matty,Rozzell,mrozzellg@tmall.com,Male,50
18,Belicia,Swenson,bswensonh@noaa.gov,Female,25
19,Lesly,Bauchop,lbauchopi@oracle.com,Female,58
20,Kara,Toyer,ktoyerj@ibm.com,Female,42
21,Mavis,Eastwood,meastwoodk@nyu.edu,Female,28
22,Pace,Iwanowski,piwanowskil@state.gov,Male,47
23,Courtney,Murrow,cmurrowm@howstuffworks.com,Female,68
24,Mariejeanne,Cammish,mcammishn@dmoz.org,Female,60
25,Harp,Esslemont,hesslemonto@jugem.jp,Male,22
26,Ikey,MacKee,imackeep@blinklist.com,Male,71
27,Aubert,MacAndie,amacandieq@howstuffworks.com,Male,19
28,Roderick,Rounsivall,rrounsivallr@nasa.gov,Male,16
29,Matti,Pennuzzi,mpennuzzis@istockphoto.com,Female,69
30,Belicia,Thom,bthomt@comsenz.com,Female,56
31,Adelaide,McIver,amciveru@marriott.com,Female,20
32,Emmalee,Bellay,ebellayv@example.com,Female,24
33,Cathi,Bebb,cbebbw@howstuffworks.com,Female,35
34,Annalise,Ridgley,aridgleyx@acquirethisname.com,Female,26
35,Denise,Cooksley,dcooksleyy@dropbox.com,Female,43
36,Chadwick,Staniforth,cstaniforthz@ezinearticles.com,Male,14
37,Brook,Reece,breece10@kickstarter.com,Female,41
38,Angel,Kendle,akendle11@google.com.br,Female,49
39,Burtie,Petasch,bpetasch12@tuttocitta.it,Female,38
40,Willow,Yakovliv,wyakovliv13@accuweather.com,Female,29
41,Dieter,Dickins,ddickins14@nba.com,Male,61
42,Walt,Vannar,wvannar15@studiopress.com,Male,52
43,Carlin,Gertray,cgertray16@unicef.org,Female,36
44,Audie,Posselt,aposselt17@hao123.com,Female,45
45,Elvina,Chadwyck,echadwyck18@wufoo.com,Female,61
46,Allard,Brigshaw,abrigshaw19@whitehouse.gov,Male,50
47,Janey,Cadalleder,jcadalleder1a@samsung.com,Female,44
48,Maddy,Durham,mdurham1b@bigcartel.com,Female,26
49,Daphna,Petzold,dpetzold1c@instagram.com,Female,29
50,Shanda,Lambertini,slambertini1d@i2i.jp,Male,18
51,Rani,Rannald,rrannald1e@topsy.com,Female,58
52,Amabel,Vassel,avassel1f@blog.com,Female,15
53,Dorian,Skates,dskates1g@mediafire.com,Male,44
54,Wilmar,Idiens,widiens1h@smh.com.au,Male,64
55,Ted,Gwynne,tgwynne1i@nydailynews.com,Female,23
56,Julian,Chaikovski,jchaikovski1j@shinystat.com,Male,29
57,Gnni,Betz,gbetz1k@sbwire.com,Female,34
58,Sheffie,Tyres,styres1l@admin.ch,Male,13
59,Jaime,Lessmare,jlessmare1m@umn.edu,Male,72
60,Cathryn,Aughton,caughton1n@google.co.jp,Female,31
61,Tymothy,Askie,taskie1o@psu.edu,Male,56
62,Ritchie,McRonald,rmcronald1p@archive.org,Male,45
63,Jeno,Stiff,jstiff1q@imgur.com,Male,72
64,Lucien,Pighills,lpighills1r@chron.com,Male,50
65,Avigdor,Noke,anoke1s@com.com,Male,40
66,Gannie,Tomczykowski,gtomczykowski1t@hibu.com,Male,39
67,Leora,Woollett,lwoollett1u@prnewswire.com,Female,64
68,Mary,Grzelczyk,mgrzelczyk1v@seesaa.net,Female,26
69,Chet,Yeates,cyeates1w@clickbank.net,Female,34
70,West,Benninger,wbenninger1x@sciencedirect.com,Male,14
71,Claire,Kirk,ckirk1y@theatlantic.com,Female,38
72,Derek,Kleinmintz,dkleinmintz1z@comcast.net,Male,15
73,Liv,Bartlett,lbartlett20@tmall.com,Female,52
74,Donaugh,Hardeman,dhardeman21@paypal.com,Male,59
75,Candide,Lound,clound22@mysql.com,Female,67
76,Hunt,Carloni,hcarloni23@oracle.com,Male,44
77,Eveleen,Layborn,elayborn24@nationalgeographic.com,Female,31
78,Eolanda,Duker,eduker25@usatoday.com,Female,58
79,Dick,Horrigan,dhorrigan26@phpbb.com,Male,26
80,Thaine,Pugh,tpugh27@patch.com,Male,62
81,Loren,Bittlestone,lbittlestone28@amazon.com,Female,42
82,Antonino,Bevir,abevir29@marriott.com,Male,63
83,Leicester,Barmadier,lbarmadier2a@google.cn,Male,52
84,Mellisa,Smyley,msmyley2b@rambler.ru,Female,16
85,Hiram,Sallan,hsallan2c@bbc.co.uk,Male,35
86,Benn,Beetles,bbeetles2d@com.com,Male,41
87,Geraldine,Girvan,ggirvan2e@wordpress.org,Female,29
88,Rene,Parramore,rparramore2f@theatlantic.com,Male,62
89,Kennith,Bisgrove,kbisgrove2g@about.com,Male,49
90,Devonne,Habgood,dhabgood2h@nyu.edu,Female,21
91,Ange,Beagley,abeagley2i@youtube.com,Female,65
92,Avivah,Crigin,acrigin2j@umn.edu,Female,22
93,Gilly,Radnedge,gradnedge2k@eepurl.com,Female,45
94,Wyatan,McCroary,wmccroary2l@blogtalkradio.com,Male,69
95,Hagan,MacCoughan,hmaccoughan2m@godaddy.com,Male,35
96,Lurline,Hegden,lhegden2n@ebay.co.uk,Female,26
97,Lexine,Annett,lannett2o@delicious.com,Female,22
98,Elvyn,Granger,egranger2p@va.gov,Male,14
99,Hanni,Tiebe,htiebe2q@sciencedirect.com,Female,46
100,Truman,Littlemore,tlittlemore2r@furl.net,Male,40
101,Sue,France,sfrance2s@eepurl.com,Female,26
102,Aurore,Domleo,adomleo2t@hc360.com,Female,13
103,Luelle,Fitzgerald,lfitzgerald2u@java.com,Female,21
104,Filip,Burkwood,fburkwood2v@alexa.com,Male,44
105,Colver,Clappison,cclappison2w@gravatar.com,Male,14
106,Pembroke,Beetles,pbeetles2x@gmpg.org,Female,23
107,Gareth,Loftie,gloftie2y@infoseek.co.jp,Male,61
108,Carol,Gillmore,cgillmore2z@constantcontact.com,Female,50
109,Odella,Churchin,ochurchin30@parallels.com,Female,22
110,Filberte,Morstatt,fmorstatt31@github.com,Male,66
111,Queenie,Wigginton,qwigginton32@google.pl,Female,49
112,Batsheva,Huguet,bhuguet33@bloglines.com,Female,67
113,Orlan,Gerold,ogerold34@abc.net.au,Male,42
114,Montague,Strongitharm,mstrongitharm35@studiopress.com,Male,63
115,Rolando,Care,rcare36@mozilla.com,Male,44
116,Thornie,Clemett,tclemett37@studiopress.com,Male,42
117,Cleon,Astell,castell38@mediafire.com,Female,33
118,Alec,Ozelton,aozelton39@wisc.edu,Male,13
119,Cyrillus,Livingston,clivingston3a@booking.com,Male,65
120,Hugues,Kinchin,hkinchin3b@ftc.gov,Male,55
121,Hill,Simmell,hsimmell3c@army.mil,Male,44
122,Ellis,Birtwhistle,ebirtwhistle3d@independent.co.uk,Male,46
123,Randie,Naper,rnaper3e@symantec.com,Male,53
124,Ranee,FitzAlan,rfitzalan3f@barnesandnoble.com,Female,55
125,Kandy,Lewing,klewing3g@cnn.com,Female,17
126,Missy,Spittle,mspittle3h@twitpic.com,Female,29
127,Crin,Cranke,ccranke3i@omniture.com,Female,41
128,Andrea,Doogood,adoogood3j@google.com.hk,Male,27
129,Hulda,Stelli,hstelli3k@sakura.ne.jp,Female,62
130,Rhianna,Coverdill,rcoverdill3l@boston.com,Female,68
131,Jonie,Tackes,jtackes3m@marketwatch.com,Female,62
132,Marcello,Teasdale-Markie,mteasdalemarkie3n@theguardian.com,Male,45
133,Niel,Towersey,ntowersey3o@linkedin.com,Male,51
134,Sibley,Segrave,ssegrave3p@msu.edu,Female,68
135,Dana,Bracher,dbracher3q@themeforest.net,Female,60
136,Tandy,Jeppensen,tjeppensen3r@ucoz.ru,Female,67
137,Gwen,Marler,gmarler3s@aol.com,Female,69
138,Belle,Extil,bextil3t@shinystat.com,Female,45
139,Bearnard,Klagges,bklagges3u@networksolutions.com,Male,51
140,Milo,Karlicek,mkarlicek3v@wiley.com,Male,25
141,Ruthi,Tidcombe,rtidcombe3w@time.com,Female,25
142,Domenic,Estevez,destevez3x@opensource.org,Male,27
143,Loretta,Mottini,lmottini3y@sfgate.com,Female,34
144,Palmer,Reimers,preimers3z@bloomberg.com,Male,27
145,Nico,O'Breen,nobreen40@ezinearticles.com,Male,72
146,Carmen,McGhie,cmcghie41@yandex.ru,Female,63
147,Alister,Botterman,abotterman42@4shared.com,Male,66
148,Brandise,Van Oort,bvanoort43@livejournal.com,Female,64
149,Roby,Painten,rpainten44@slate.com,Female,61
150,Jena,Moscon,jmoscon45@tinyurl.com,Female,50
151,Andra,Toppin,atoppin46@google.it,Female,26
152,Valencia,Wooding,vwooding47@squidoo.com,Female,46
153,Husein,Fairnington,hfairnington48@jugem.jp,Male,38
154,Carla,Coronado,ccoronado49@dmoz.org,Female,28
155,Dorris,Pointon,dpointon4a@cbc.ca,Female,29
156,Erika,Canacott,ecanacott4b@nasa.gov,Female,51
157,Reinaldo,Harfoot,rharfoot4c@elpais.com,Male,18
158,Garald,Toolan,gtoolan4d@desdev.cn,Male,49
159,Ronda,Durrington,rdurrington4e@cnet.com,Female,70
160,Romonda,Yukhnin,ryukhnin4f@booking.com,Female,41
161,Marven,McKeighan,mmckeighan4g@gov.uk,Male,21
162,Florry,McElrea,fmcelrea4h@pen.io,Female,59
163,Nealson,Kenafaque,nkenafaque4i@diigo.com,Male,29
164,Bucky,Whyborne,bwhyborne4j@gizmodo.com,Male,39
165,Gillian,Evert,gevert4k@quantcast.com,Female,27
166,Iolanthe,Vermer,ivermer4l@twitpic.com,Female,45
167,Marty,Tembridge,mtembridge4m@globo.com,Female,29
168,Florrie,Summerlad,fsummerlad4n@nymag.com,Female,42
169,Tobe,Coulthurst,tcoulthurst4o@so-net.ne.jp,Female,41
170,Killian,Butterly,kbutterly4p@ycombinator.com,Male,27
171,Ennis,Quantick,equantick4q@tinypic.com,Male,55
172,Cori,Juster,cjuster4r@tripadvisor.com,Female,72
173,Miquela,Scotchmor,mscotchmor4s@unc.edu,Female,42
174,Veronike,Berlin,vberlin4t@japanpost.jp,Female,56
175,Mersey,Ayre,mayre4u@hhs.gov,Female,35
176,Catina,Astle,castle4v@noaa.gov,Male,36
177,Mariana,Piatto,mpiatto4w@last.fm,Female,47
178,Fidela,Jira,fjira4x@home.pl,Female,21
179,Jinny,Scripture,jscripture4y@tuttocitta.it,Female,27
180,Farrel,Mylechreest,fmylechreest4z@blog.com,Male,31
181,Johan,Hayesman,jhayesman50@cafepress.com,Male,67
182,Helen,Gerrens,hgerrens51@edublogs.org,Female,66
183,Byram,Tennant,btennant52@cafepress.com,Male,49
184,Jonell,Wheelwright,jwheelwright53@addthis.com,Female,62
185,Virginia,Denkel,vdenkel54@uiuc.edu,Female,65
186,Clem,Rielly,crielly55@netvibes.com,Female,23
187,Vasili,Fairhead,vfairhead56@illinois.edu,Male,36
188,Malchy,Aickin,maickin57@uol.com.br,Male,47
189,Joela,Lankham,jlankham58@bloomberg.com,Female,28
190,Fancie,Ferras,fferras59@163.com,Female,51
191,Annalee,Bende,abende5a@redcross.org,Female,59
192,Arturo,Grigori,agrigori5b@ezinearticles.com,Male,72
193,Kerrie,Palmer,kpalmer5c@bravesites.com,Female,47
194,Paulette,Prodrick,pprodrick5d@jiathis.com,Female,67
195,Sharia,Harvatt,sharvatt5e@naver.com,Female,43
196,Karoly,Durdle,kdurdle5f@infoseek.co.jp,Male,57
197,Malorie,Batha,mbatha5g@sourceforge.net,Female,40
198,Olimpia,Stych,ostych5h@loc.gov,Female,54
199,Lazaro,Ofener,lofener5i@dell.com,Male,23
200,Tomlin,Goullee,tgoullee5j@ebay.com,Male,20
201,Tommy,Garth,tgarth5k@smh.com.au,Female,71
202,Roslyn,O'dell,rodell5l@phoca.cz,Female,68
203,Phillipp,Harp,pharp5m@blinklist.com,Male,44
204,Baron,Mandeville,bmandeville5n@eepurl.com,Male,57
205,Emelita,Gruszecki,egruszecki5o@telegraph.co.uk,Female,38
206,Lana,Snar,lsnar5p@rakuten.co.jp,Female,62
207,Bathsheba,Pyffe,bpyffe5q@youtu.be,Female,58
208,Brendan,Du Hamel,bduhamel5r@state.gov,Male,70
209,Tuesday,Creber,tcreber5s@dmoz.org,Male,18
210,Regan,De Luna,rdeluna5t@tumblr.com,Male,70
211,Eduino,Antoszewski,eantoszewski5u@fc2.com,Male,63
212,Modestine,Wallicker,mwallicker5v@google.ca,Female,54
213,Sheppard,Hawkslee,shawkslee5w@quantcast.com,Male,71
214,Matias,Chipps,mchipps5x@boston.com,Male,32
215,Sidnee,Pitblado,spitblado5y@webeden.co.uk,Male,45
216,Lilah,Ollive,lollive5z@cdbaby.com,Female,68
217,Jenica,Dows,jdows60@usda.gov,Male,54
218,Mikael,Heims,mheims61@mysql.com,Male,49
219,Conn,Bedford,cbedford62@salon.com,Male,66
220,Tad,Merrison,tmerrison63@slashdot.org,Male,53
221,Nels,Berrisford,nberrisford64@altervista.org,Male,58
222,Gav,Powrie,gpowrie65@cloudflare.com,Male,55
223,Teodora,Sycamore,tsycamore66@vistaprint.com,Female,13
224,Lila,Polfer,lpolfer67@jigsy.com,Female,23
225,Vassily,Balazin,vbalazin68@is.gd,Female,29
226,Alick,Janek,ajanek69@meetup.com,Male,31
227,Iggy,Conrart,iconrart6a@naver.com,Male,35
228,Shina,Housam,shousam6b@sakura.ne.jp,Female,36
229,Waneta,Skowcraft,wskowcraft6c@businessinsider.com,Female,26
230,Mala,Maith,mmaith6d@accuweather.com,Female,41
231,Tove,Penrose,tpenrose6e@facebook.com,Female,48
232,Stepha,Manhood,smanhood6f@flickr.com,Female,14
233,Linus,Terris,lterris6g@ning.com,Male,58
234,Isacco,Schoenleiter,ischoenleiter6h@tinypic.com,Male,21
235,Lauryn,Zanini,lzanini6i@tiny.cc,Female,52
236,Derril,Maskelyne,dmaskelyne6j@creativecommons.org,Male,67
237,Amaleta,Pariss,apariss6k@aol.com,Female,37
238,Zita,Benbrick,zbenbrick6l@wikipedia.org,Female,47
239,Lennard,Keitley,lkeitley6m@weebly.com,Male,57
240,Ardisj,Fenech,afenech6n@imageshack.us,Female,62
241,Jenelle,Starrs,jstarrs6o@techcrunch.com,Female,43
242,Maurizio,Eilhersen,meilhersen6p@arizona.edu,Male,34
243,Elset,Fairlamb,efairlamb6q@google.it,Female,47
244,Lesley,Pottinger,lpottinger6r@sfgate.com,Male,46
245,Duane,Asgodby,dasgodby6s@blog.com,Male,49
246,Humfrey,Troucher,htroucher6t@biglobe.ne.jp,Male,19
247,Thayne,Flade,tflade6u@europa.eu,Male,67
248,Laney,Allberry,lallberry6v@icq.com,Female,20
249,Car,Poynor,cpoynor6w@telegraph.co.uk,Male,49
250,Pavia,Perford,pperford6x@lulu.com,Female,30
251,Emilie,Easey,eeasey6y@newyorker.com,Female,67
252,Berna,Cayette,bcayette6z@businessinsider.com,Female,55
253,Gertrud,Babar,gbabar70@odnoklassniki.ru,Female,27
254,Evvy,Lawden,elawden71@epa.gov,Female,36
255,Yves,De Freyne,ydefreyne72@quantcast.com,Male,53
256,Addi,Frensche,afrensche73@unicef.org,Female,72
257,Wallace,Vickarman,wvickarman74@nyu.edu,Male,16
258,Bard,Cantos,bcantos75@naver.com,Male,17
259,Jilleen,Tootell,jtootell76@gizmodo.com,Female,19
260,Zaria,Andrez,zandrez77@google.de,Female,61
261,Temp,Crass,tcrass78@dropbox.com,Female,28
262,Dorris,Corrison,dcorrison79@time.com,Female,56
263,Maxie,Pudan,mpudan7a@cnet.com,Male,67
264,Boigie,Swadon,bswadon7b@bloomberg.com,Male,52
265,Jenda,Jandourek,jjandourek7c@ustream.tv,Female,59
266,Milicent,Gudge,mgudge7d@prnewswire.com,Female,51
267,Griff,Ames,games7e@disqus.com,Male,36
268,Borden,Gillingwater,bgillingwater7f@yahoo.co.jp,Male,51
269,Filippo,Primarolo,fprimarolo7g@linkedin.com,Male,26
270,Rickey,Lowles,rlowles7h@reference.com,Male,47
271,Leese,Ingles,lingles7i@ca.gov,Female,43
272,Caryl,Snooks,csnooks7j@fc2.com,Female,15
273,Tobe,Stephens,tstephens7k@e-recht24.de,Male,30
274,Hardy,Thorsen,hthorsen7l@nbcnews.com,Male,64
275,Felipe,Whardley,fwhardley7m@mlb.com,Male,72
276,Welby,Liggons,wliggons7n@biglobe.ne.jp,Male,57
277,Eddie,Coldbreath,ecoldbreath7o@csmonitor.com,Male,33
278,Maryann,Tomini,mtomini7p@mlb.com,Male,55
279,Donavon,Boast,dboast7q@vistaprint.com,Male,35
280,Jerald,Lead,jlead7r@cmu.edu,Male,52
281,Brynne,Vasile,bvasile7s@disqus.com,Female,28
282,Jorry,Dauby,jdauby7t@taobao.com,Female,59
283,Livvyy,Tredinnick,ltredinnick7u@abc.net.au,Female,36
284,Angelica,Stallibrass,astallibrass7v@zdnet.com,Female,20
285,Brandy,Cubbinelli,bcubbinelli7w@comcast.net,Male,71
286,Gus,Moore,gmoore7x@mozilla.com,Female,32
287,Katine,Swyre,kswyre7y@free.fr,Female,20
288,Cosette,Allom,callom7z@vk.com,Female,37
289,Libbi,Ennor,lennor80@netvibes.com,Female,27
290,Calhoun,Stiggles,cstiggles81@blogs.com,Male,54
291,Moishe,Isacq,misacq82@timesonline.co.uk,Male,57
292,Ina,Linch,ilinch83@independent.co.uk,Female,49
293,Salvador,Nichols,snichols84@kickstarter.com,Male,43
294,Rudyard,Aylwin,raylwin85@baidu.com,Male,67
295,Mellisent,Stitt,mstitt86@cafepress.com,Female,26
296,Brady,Willingale,bwillingale87@histats.com,Male,63
297,Darya,Gronow,dgronow88@pen.io,Female,28
298,Lanny,Ballance,lballance89@dell.com,Male,17
299,Reeta,Conisbee,rconisbee8a@aboutads.info,Female,32
300,Laverne,Tootin,ltootin8b@rakuten.co.jp,Female,60
301,Merilee,Rotter,mrotter8c@ustream.tv,Female,39
302,Kristopher,Kibble,kkibble8d@stumbleupon.com,Male,16
303,Laryssa,Pietroni,lpietroni8e@netlog.com,Female,35
304,Roshelle,Tother,rtother8f@alibaba.com,Female,46
305,Xenos,Aslott,xaslott8g@latimes.com,Male,67
306,Lauryn,Sexstone,lsexstone8h@cdbaby.com,Female,20
307,Corabella,Leathe,cleathe8i@cafepress.com,Female,52
308,Nichole,Vickress,nvickress8j@berkeley.edu,Male,39
309,Juan,Cleveley,jcleveley8k@redcross.org,Male,38
310,Teodoor,Santora,tsantora8l@icio.us,Male,40
311,Mira,Waind,mwaind8m@globo.com,Female,50
312,Baldwin,Sander,bsander8n@mit.edu,Male,71
313,Barnabe,Comber,bcomber8o@quantcast.com,Male,36
314,Brinna,Kettle,bkettle8p@unesco.org,Female,36
315,Rozanne,Camilletti,rcamilletti8q@si.edu,Female,33
316,Barron,Sydall,bsydall8r@noaa.gov,Male,62
317,Devinne,Pumphrey,dpumphrey8s@dmoz.org,Female,49
318,Terrell,Signorelli,tsignorelli8t@who.int,Male,46
319,Johny,Kayzer,jkayzer8u@fc2.com,Male,32
320,Matteo,Busch,mbusch8v@weather.com,Male,38
321,Shell,Coulson,scoulson8w@wikimedia.org,Female,23
322,Raphaela,Edworthie,redworthie8x@dropbox.com,Female,18
323,Simonne,Loreit,sloreit8y@tripadvisor.com,Female,49
324,Bobette,Francklin,bfrancklin8z@about.com,Female,48
325,Joly,Papaccio,jpapaccio90@google.co.jp,Female,31
326,Galen,Pennick,gpennick91@cnet.com,Male,38
327,Sigismund,Verna,sverna92@theguardian.com,Male,66
328,Nadia,Keohane,nkeohane93@domainmarket.com,Female,17
329,Haily,Critoph,hcritoph94@google.ca,Female,70
330,Brooks,Cabral,bcabral95@independent.co.uk,Female,48
331,Vanda,Perelli,vperelli96@slashdot.org,Female,42
332,Jeffry,Birtwell,jbirtwell97@wsj.com,Male,45
333,Trude,Hardan,thardan98@huffingtonpost.com,Female,40
334,Travis,Reck,treck99@nifty.com,Male,38
335,Benita,Thresher,bthresher9a@wufoo.com,Female,49
336,Celinka,Hartup,chartup9b@ft.com,Female,65
337,Vida,Voce,vvoce9c@liveinternet.ru,Female,25
338,Nahum,Laboune,nlaboune9d@amazon.co.uk,Male,35
339,Valentine,MacNess,vmacness9e@wix.com,Female,64
340,Thorstein,Bisp,tbisp9f@theglobeandmail.com,Female,59
341,Omero,Queyeiro,oqueyeiro9g@google.nl,Male,40
342,Constanta,Chessman,cchessman9h@sitemeter.com,Female,28
343,Erinna,Youtead,eyoutead9i@bbc.co.uk,Female,43
344,Poul,Abade,pabade9j@free.fr,Male,30
345,Lincoln,Penketh,lpenketh9k@businessweek.com,Male,37
346,Tailor,Hedylstone,thedylstone9l@hao123.com,Male,45
347,Kim,Pawelczyk,kpawelczyk9m@slate.com,Male,25
348,Johnette,Kerslake,jkerslake9n@eventbrite.com,Female,30
349,Oliy,Sieur,osieur9o@patch.com,Female,31
350,Konrad,Girling,kgirling9p@tamu.edu,Male,72
351,Maxwell,Keyworth,mkeyworth9q@prnewswire.com,Male,50
352,Bobby,MacGeaney,bmacgeaney9r@ebay.co.uk,Female,31
353,Vera,Kybert,vkybert9s@uol.com.br,Female,54
354,Carolan,Haysman,chaysman9t@gov.uk,Female,72
355,Hermann,Swannell,hswannell9u@clickbank.net,Male,16
356,Kathe,Kaplan,kkaplan9v@skyrock.com,Female,40
357,Emera,Olyfat,eolyfat9w@yellowbook.com,Male,51
358,Sioux,Ghilks,sghilks9x@edublogs.org,Female,37
359,Gerhardt,Farrell,gfarrell9y@economist.com,Male,63
360,Carlita,Marke,cmarke9z@hexun.com,Female,36
361,Daniel,Yare,dyarea0@cdc.gov,Male,66
362,Weston,Coldicott,wcoldicotta1@google.it,Male,18
363,Lawton,Gair,lgaira2@newsvine.com,Male,51
364,Charlean,Da Costa,cdacostaa3@bloomberg.com,Female,59
365,Gherardo,Pehrsson,gpehrssona4@multiply.com,Male,20
366,Ode,Iacovazzi,oiacovazzia5@naver.com,Male,14
367,Dag,O'Geneay,dogeneaya6@sphinn.com,Male,23
368,Delila,Culley,dculleya7@engadget.com,Female,53
369,Roz,Breydin,rbreydina8@nymag.com,Female,51
370,Rudolfo,Goare,rgoarea9@sitemeter.com,Male,41
371,Tory,Higbin,thigbinaa@nbcnews.com,Female,32
372,Vanessa,Whorall,vwhorallab@businessinsider.com,Female,20
373,Conrado,Cuardall,ccuardallac@cornell.edu,Male,69
374,Cairistiona,Plott,cplottad@soundcloud.com,Female,66
375,Mattheus,Zavattiero,mzavattieroae@smugmug.com,Male,44
376,Jeffie,Joyce,jjoyceaf@mediafire.com,Male,63
377,Melisande,Barnet,mbarnetag@senate.gov,Female,64
378,Astrix,Lukesch,alukeschah@yandex.ru,Female,32
379,Lillis,Macey,lmaceyai@mysql.com,Female,18
380,Loydie,Rablan,lrablanaj@ihg.com,Male,60
381,Felicity,Pomroy,fpomroyak@businessweek.com,Female,62
382,Rafi,Summers,rsummersal@51.la,Male,68
383,Brendan,Pittway,bpittwayam@ustream.tv,Male,34
384,Kay,Baleine,kbaleinean@scribd.com,Female,13
385,Koenraad,Levi,kleviao@sina.com.cn,Male,16
386,Kira,Folbigg,kfolbiggap@hostgator.com,Female,72
387,Bourke,Somerlie,bsomerlieaq@wordpress.com,Male,40
388,Andeee,Sommerling,asommerlingar@stumbleupon.com,Female,39
389,Derek,Wilton,dwiltonas@lulu.com,Male,39
390,Selle,Belham,sbelhamat@thetimes.co.uk,Female,20
391,Benjamen,Malletratt,bmalletrattau@deviantart.com,Male,38
392,Mayne,Neubigin,mneubiginav@google.it,Female,62
393,Jackquelin,McConville,jmcconvilleaw@sfgate.com,Female,14
394,Jerrine,Rove,jroveax@quantcast.com,Female,38
395,Neils,Jenkyn,njenkynay@vinaora.com,Male,59
396,Becca,Manssuer,bmanssueraz@miibeian.gov.cn,Female,56
397,Pernell,Cisec,pcisecb0@addthis.com,Male,60
398,Misty,Ledgeway,mledgewayb1@printfriendly.com,Female,72
399,Hercule,Larner,hlarnerb2@sun.com,Male,41
400,Malissia,Rue,mrueb3@eventbrite.com,Female,27
401,Irwinn,Cowpe,icowpeb4@zdnet.com,Male,19
402,Orion,Guarin,oguarinb5@icq.com,Male,61
403,Faina,Guidera,fguiderab6@g.co,Female,49
404,Filmer,O'Neal,fonealb7@photobucket.com,Male,53
405,Emmerich,Bootland,ebootlandb8@gmpg.org,Male,28
406,Rollie,Ishchenko,rishchenkob9@geocities.com,Male,48
407,Livvie,Anstead,lansteadba@wp.com,Female,67
408,Tirrell,Lammenga,tlammengabb@w3.org,Male,14
409,Nonnah,Fleay,nfleaybc@mtv.com,Female,16
410,Marcello,Southwell,msouthwellbd@mapquest.com,Male,18
411,Blanch,Carse,bcarsebe@elpais.com,Female,44
412,Mariejeanne,Elijahu,melijahubf@naver.com,Female,19
413,Fred,Keiley,fkeileybg@apache.org,Male,14
414,Charisse,Sprigings,csprigingsbh@stanford.edu,Female,16
415,Brocky,Gowrich,bgowrichbi@storify.com,Male,70
416,Basile,Brasseur,bbrasseurbj@china.com.cn,Male,30
417,Marquita,O'Keenan,mokeenanbk@ycombinator.com,Female,56
418,Karlik,Metcalfe,kmetcalfebl@vk.com,Male,28
419,Veronica,Meneghelli,vmeneghellibm@qq.com,Female,36
420,Alison,Le Friec,alefriecbn@is.gd,Female,45
421,Dick,Ladewig,dladewigbo@rakuten.co.jp,Male,52
422,Dorothee,Chipperfield,dchipperfieldbp@squidoo.com,Female,55
423,Danette,Brakespear,dbrakespearbq@storify.com,Female,67
424,Yasmeen,Findlater,yfindlaterbr@t-online.de,Female,63
425,Carlo,Dallinder,cdallinderbs@shutterfly.com,Male,23
426,Virgina,Fibben,vfibbenbt@cargocollective.com,Female,46
427,Oralle,Fairbairn,ofairbairnbu@pen.io,Female,59
428,Phil,Wyld,pwyldbv@bandcamp.com,Male,14
429,Vivia,Thoday,vthodaybw@ucsd.edu,Female,30
430,Olia,Pauwel,opauwelbx@blogspot.com,Female,39
431,Lorry,Cockerill,lcockerillby@gizmodo.com,Male,47
432,Nathalie,Aliman,nalimanbz@salon.com,Female,56
433,Melony,Radnedge,mradnedgec0@liveinternet.ru,Female,46
434,Catharine,Cracoe,ccracoec1@microsoft.com,Female,46
435,Aleece,Soloway,asolowayc2@amazon.co.jp,Female,63
436,Granthem,Hacon,ghaconc3@jugem.jp,Male,58
437,Birgit,Leisk,bleiskc4@usnews.com,Female,51
438,Dorian,Marginson,dmarginsonc5@zimbio.com,Female,29
439,Charley,Rennard,crennardc6@nasa.gov,Male,47
440,Charleen,Slides,cslidesc7@wired.com,Female,44
441,Nikita,Ferenczy,nferenczyc8@sina.com.cn,Male,61
442,Jaime,Joreau,jjoreauc9@t-online.de,Male,14
443,Luigi,Ringrose,lringroseca@constantcontact.com,Male,24
444,Jud,Messingham,jmessinghamcb@list-manage.com,Male,39
445,Lucas,Falls,lfallscc@apache.org,Male,58
446,Moreen,Dingle,mdinglecd@pbs.org,Female,64
447,Adolf,Buxsey,abuxseyce@hubpages.com,Male,41
448,Hardy,Umfrey,humfreycf@flickr.com,Male,58
449,Marcelline,Milbank,mmilbankcg@over-blog.com,Female,21
450,Kort,Serle,kserlech@ifeng.com,Male,47
451,Rodrigo,Treadgall,rtreadgallci@comsenz.com,Male,20
452,Derick,Paddemore,dpaddemorecj@mit.edu,Male,46
453,Al,Cake,acakeck@ibm.com,Male,61
454,Lazaro,Ilymanov,lilymanovcl@csmonitor.com,Male,72
455,Sonya,Frood,sfroodcm@spiegel.de,Female,35
456,Fredric,Flobert,fflobertcn@mapy.cz,Male,55
457,Hughie,Dufour,hdufourco@mapy.cz,Male,17
458,Hettie,Franzonetti,hfranzonetticp@friendfeed.com,Female,19
459,Herschel,Janssen,hjanssencq@imageshack.us,Male,72
460,Juana,Kalf,jkalfcr@independent.co.uk,Female,70
461,Ulla,Hellen,uhellencs@seattletimes.com,Female,45
462,Englebert,Rodell,erodellct@people.com.cn,Male,39
463,Brittaney,Hambric,bhambriccu@spiegel.de,Female,51
464,Early,Habbershon,ehabbershoncv@noaa.gov,Male,36
465,Heinrick,Beedon,hbeedoncw@uol.com.br,Male,51
466,Lizzy,Gaddes,lgaddescx@go.com,Female,29
467,Agatha,Koschek,akoschekcy@example.com,Female,17
468,Chrysa,Scard,cscardcz@disqus.com,Female,49
469,Burlie,Jeannard,bjeannardd0@opensource.org,Male,33
470,Golda,Goffe,ggoffed1@salon.com,Female,48
471,Avigdor,Brideaux,abrideauxd2@elegantthemes.com,Male,59
472,Karly,Fackrell,kfackrelld3@guardian.co.uk,Female,54
473,Kermit,Lorraway,klorrawayd4@twitpic.com,Male,51
474,Joseph,Kaasmann,jkaasmannd5@clickbank.net,Male,53
475,Beatrix,Zavattiero,bzavattierod6@dell.com,Female,27
476,Pearce,Fellow,pfellowd7@umn.edu,Male,47
477,Darryl,Richens,drichensd8@networkadvertising.org,Male,52
478,Adrienne,Delamaine,adelamained9@xrea.com,Female,45
479,Bobbette,Campion,bcampionda@statcounter.com,Female,25
480,Herbie,Tesyro,htesyrodb@sakura.ne.jp,Male,17
481,Stanfield,Attrill,sattrilldc@amazon.co.uk,Male,64
482,Taylor,Rasp,traspdd@washingtonpost.com,Male,55
483,Bev,Caghy,bcaghyde@last.fm,Male,28
484,Silas,Bellenie,sbelleniedf@spiegel.de,Male,51
485,Briggs,St. Ledger,bstledgerdg@imdb.com,Male,28
486,Cindy,Maslen,cmaslendh@elegantthemes.com,Female,26
487,Marchall,Gonnin,mgonnindi@kickstarter.com,Male,64
488,Camella,Speight,cspeightdj@gnu.org,Female,56
489,Cori,Wilby,cwilbydk@amazon.co.uk,Female,46
490,Mufinella,Quarlis,mquarlisdl@opera.com,Female,51
491,Alene,Oloshkin,aoloshkindm@pagesperso-orange.fr,Female,18
492,Emmet,MacConnulty,emacconnultydn@scientificamerican.com,Male,72
493,Etta,Rooksby,erooksbydo@vinaora.com,Female,57
494,Lana,Tulip,ltulipdp@boston.com,Female,19
495,Trever,Spowage,tspowagedq@plala.or.jp,Male,42
496,Siward,Marciek,smarciekdr@drupal.org,Male,65
497,Rooney,Burnet,rburnetds@discovery.com,Male,62
498,Freedman,Gerson,fgersondt@bing.com,Male,14
499,Adella,McQuirter,amcquirterdu@twitter.com,Female,31
500,Hyman,Burwell,hburwelldv@twitter.com,Male,58
501,Bo,Halmkin,bhalmkindw@buzzfeed.com,Male,43
502,Adriano,Poles,apolesdx@printfriendly.com,Male,54
503,Tades,Marty,tmartydy@nyu.edu,Male,40
504,Newton,Spurman,nspurmandz@ning.com,Male,55
505,Kippar,Harkus,kharkuse0@skyrock.com,Male,49
506,Faythe,Valentim,fvalentime1@blogger.com,Female,65
507,Desiree,Collimore,dcollimoree2@netlog.com,Male,32
508,Thomasina,Eymer,teymere3@miibeian.gov.cn,Female,33
509,Ravid,Edmunds,redmundse4@foxnews.com,Male,49
510,Dre,Kleehuhler,dkleehuhlere5@paginegialle.it,Female,18
511,Jeanette,Wallman,jwallmane6@columbia.edu,Female,13
512,Darlleen,Fishpool,dfishpoole7@paypal.com,Female,35
513,Johny,Wakenshaw,jwakenshawe8@toplist.cz,Male,36
514,Colline,Tunney,ctunneye9@seesaa.net,Male,50
515,Hulda,Danbye,hdanbyeea@china.com.cn,Female,35
516,Melita,Degoey,mdegoeyeb@thetimes.co.uk,Female,15
517,Maudie,Hollingsby,mhollingsbyec@furl.net,Female,31
518,Wyn,McKeever,wmckeevered@npr.org,Male,55
519,Poul,Norres,pnorresee@jugem.jp,Male,13
520,Harald,Beldon,hbeldonef@engadget.com,Male,62
521,Alison,Jozaitis,ajozaitiseg@hatena.ne.jp,Female,32
522,Kristyn,Kleisel,kkleiseleh@ifeng.com,Female,48
523,Bourke,Conaboy,bconaboyei@columbia.edu,Male,42
524,Jaye,Wigzell,jwigzellej@tripod.com,Male,63
525,Ranna,Whisby,rwhisbyek@admin.ch,Female,13
526,Taye,Peltz,gpeltzel@loc.gov,Female,29
527,Kristo,Vagg,kvaggem@smugmug.com,Female,35
528,Tybi,Farnworth,tfarnworthen@admin.ch,Female,64
529,Enriqueta,Martschke,emartschkeeo@devhub.com,Female,30
530,Lorianna,Elph,lelphep@indiegogo.com,Female,15
531,Cherida,Iceton,cicetoneq@exblog.jp,Female,69
532,Jessica,Brimley,jbrimleyer@intel.com,Female,22
533,Cosette,Groundwator,cgroundwatores@ox.ac.uk,Female,67
534,Francoise,Necolds,fnecoldset@who.int,Female,60
535,Orazio,Spruce,ospruceeu@apple.com,Male,60
536,Joellyn,Ryle,jryleev@alexa.com,Female,60
537,Johnny,Haston,jhastonew@utexas.edu,Male,17
538,Rollie,Kryzhov,rkryzhovex@chicagotribune.com,Male,37
539,Suzie,Nother,snotherey@ehow.com,Female,33
540,Nanni,Bottelstone,nbottelstoneez@sitemeter.com,Female,24
541,Keith,Treadgear,ktreadgearf0@bravesites.com,Male,39
542,Corry,Seeking,cseekingf1@altervista.org,Female,24
543,Denys,Pfeffel,dpfeffelf2@go.com,Male,60
544,Tibold,Quinney,tquinneyf3@bravesites.com,Male,40
545,Aubert,Morehall,amorehallf4@sciencedirect.com,Male,20
546,Jackie,Cockerham,jcockerhamf5@npr.org,Male,14
547,Roseline,Clarson,rclarsonf6@cisco.com,Female,16
548,Denny,Guitonneau,dguitonneauf7@unesco.org,Male,49
549,Lynsey,Edgson,ledgsonf8@moonfruit.com,Female,24
550,Junina,Wicks,jwicksf9@google.co.uk,Female,39
551,Sonnnie,Stanion,sstanionfa@umich.edu,Male,65
552,Rasia,Kirlin,rkirlinfb@uiuc.edu,Female,13
553,Lizzy,Heald,lhealdfc@tripadvisor.com,Female,69
554,Kassey,Shurrock,kshurrockfd@clickbank.net,Female,44
555,Nani,Allsop,nallsopfe@cafepress.com,Female,42
556,Helenelizabeth,Gratrex,hgratrexff@jigsy.com,Female,35
557,Hinda,Lovart,hlovartfg@china.com.cn,Female,37
558,Waylin,Purchon,wpurchonfh@oracle.com,Male,45
559,Estell,Ciabatteri,eciabatterifi@google.de,Female,22
560,Llewellyn,Langshaw,llangshawfj@hostgator.com,Male,58
561,Killie,Lamps,klampsfk@ifeng.com,Male,64
562,Lory,Deverille,ldeverillefl@eventbrite.com,Female,64
563,Basil,Wallenger,bwallengerfm@slashdot.org,Male,56
564,Deny,Foldes,dfoldesfn@chicagotribune.com,Female,72
565,Kristofor,Plumridge,kplumridgefo@livejournal.com,Male,21
566,Hazel,Pynn,hpynnfp@wikispaces.com,Female,49
567,Osmond,Kerwood,okerwoodfq@pbs.org,Male,59
568,Hester,Murrthum,hmurrthumfr@themeforest.net,Female,19
569,Ynez,Collumbell,ycollumbellfs@rakuten.co.jp,Female,43
570,Wolfgang,Asgodby,wasgodbyft@webnode.com,Male,33
571,Darren,Jacob,djacobfu@arizona.edu,Male,34
572,Kelsey,Bucklan,kbucklanfv@soup.io,Male,71
573,Kilian,Sarl,ksarlfw@ning.com,Male,46
574,Myra,Uzielli,muziellifx@quantcast.com,Female,25
575,Wallis,Haveline,whavelinefy@webnode.com,Male,31
576,Alyss,Geldard,ageldardfz@goo.ne.jp,Female,28
577,Lavinia,Sher,lsherg0@java.com,Female,53
578,Halimeda,Marchington,hmarchingtong1@about.com,Female,56
579,Karla,Seggie,kseggieg2@mysql.com,Female,56
580,Laurence,Bottoms,lbottomsg3@cocolog-nifty.com,Male,27
581,Shea,Barracks,sbarracksg4@arstechnica.com,Male,15
582,Mick,Grombridge,mgrombridgeg5@microsoft.com,Male,21
583,Tadio,Sarre,tsarreg6@canalblog.com,Male,40
584,Alva,Hucks,ahucksg7@smugmug.com,Male,68
585,Carie,Woolerton,cwoolertong8@virginia.edu,Female,47
586,Dominic,Cabral,dcabralg9@slate.com,Male,16
587,Toby,Drinkel,tdrinkelga@vkontakte.ru,Male,38
588,Shirlene,Wolfindale,swolfindalegb@nydailynews.com,Female,25
589,Alayne,Dann,adanngc@yandex.ru,Female,60
590,Arline,Fitton,afittongd@sciencedaily.com,Female,55
591,Nichole,Feaveryear,nfeaveryearge@dion.ne.jp,Female,13
592,Riannon,Davers,rdaversgf@illinois.edu,Female,45
593,Tan,Ringe,tringegg@1und1.de,Male,20
594,Evelina,Dobbson,edobbsongh@symantec.com,Female,55
595,Beryl,Milch,bmilchgi@fastcompany.com,Female,64
596,Connie,Blackwell,cblackwellgj@indiatimes.com,Male,42
597,Vick,Finnie,vfinniegk@nsw.gov.au,Male,67
598,Edward,Roels,eroelsgl@irs.gov,Male,33
599,Starlin,Hawksley,shawksleygm@tripod.com,Female,42
600,Courtnay,Hammerberg,chammerberggn@mozilla.org,Male,64
601,Adrian,Sergean,asergeango@nymag.com,Male,42
602,Jody,Maasze,jmaaszegp@chron.com,Male,35
603,Gretal,Bishell,gbishellgq@blogger.com,Female,20
604,Verine,Brookbank,vbrookbankgr@lycos.com,Female,31
605,Betti,Levins,blevinsgs@redcross.org,Female,50
606,Alvan,Goulding,agouldinggt@europa.eu,Male,45
607,Cam,Beames,cbeamesgu@usda.gov,Female,71
608,Dehlia,Mattedi,dmattedigv@clickbank.net,Female,18
609,Elaine,Gerold,egeroldgw@slideshare.net,Female,57
610,Marion,Harmson,mharmsongx@constantcontact.com,Male,15
611,Ebenezer,Jayume,ejayumegy@ox.ac.uk,Male,41
612,Teador,Huntress,thuntressgz@squidoo.com,Female,50
613,Sly,Harg,shargh0@purevolume.com,Male,31
614,Neddie,Heighton,nheightonh1@psu.edu,Male,50
615,Sibyl,Smewing,ssmewingh2@feedburner.com,Male,13
616,Georgena,McBryde,gmcbrydeh3@epa.gov,Female,39
617,Ephrem,Fontes,efontesh4@nhs.uk,Male,23
618,Silas,Sinkins,ssinkinsh5@bbb.org,Male,68
619,Eduard,Dodell,edodellh6@a8.net,Male,48
620,Colene,Gregoriou,cgregoriouh7@ucla.edu,Female,33
621,Giraldo,Swanson,gswansonh8@businessweek.com,Male,48
622,Ferdie,Dreng,fdrengh9@earthlink.net,Male,55
623,Corabelle,Bunyan,cbunyanha@nytimes.com,Female,66
624,Arny,Tieman,atiemanhb@hexun.com,Male,42
625,Shawn,Elkington,selkingtonhc@adobe.com,Female,70
626,Xena,Gemmill,xgemmillhd@github.com,Female,70
627,Camellia,Mac Giany,cmacgianyhe@google.com.br,Female,43
628,Ettie,Cuncliffe,ecuncliffehf@cnet.com,Female,27
629,Leese,Menco,lmencohg@networkadvertising.org,Female,44
630,Chiquia,Mohring,cmohringhh@ovh.net,Female,64
631,Maible,Tidmarsh,mtidmarshhi@wunderground.com,Female,34
632,Fonsie,Fiddian,ffiddianhj@mlb.com,Male,21
633,Nickolai,Smithers,nsmithershk@godaddy.com,Male,20
634,Geoffrey,Alphege,galphegehl@exblog.jp,Male,31
635,Idette,Bonson,ibonsonhm@ow.ly,Female,70
636,Quint,Jurasek,qjurasekhn@merriam-webster.com,Male,42
637,Omar,Fitzsimons,ofitzsimonsho@npr.org,Male,57
638,Prue,Roose,proosehp@github.io,Female,13
639,Kamilah,Speachley,kspeachleyhq@discovery.com,Female,13
640,Urban,Loveitt,uloveitthr@cmu.edu,Male,66
641,Paula,Garry,pgarryhs@marriott.com,Female,32
642,Yves,Lowrie,ylowrieht@yolasite.com,Male,20
643,Matteo,Colum,mcolumhu@google.ru,Male,27
644,Anna,Rubenov,arubenovhv@webmd.com,Female,15
645,Dorolice,O'Canavan,docanavanhw@odnoklassniki.ru,Female,71
646,Burnaby,Grand,bgrandhx@tripadvisor.com,Male,53
647,Joey,Zoane,jzoanehy@businesswire.com,Male,67
648,Dulcea,Gownge,dgowngehz@woothemes.com,Female,24
649,Barron,Lehemann,blehemanni0@latimes.com,Male,34
650,Genna,Maffulli,gmaffullii1@princeton.edu,Female,66
651,Alex,Scarisbrick,ascarisbricki2@plala.or.jp,Male,70
652,Janka,Saull,jsaulli3@globo.com,Female,59
653,Emili,Lowdeane,elowdeanei4@merriam-webster.com,Female,59
654,Halie,Brandrick,hbrandricki5@epa.gov,Female,62
655,Mable,Cottu,mcottui6@mit.edu,Female,31
656,Sonni,Marcone,smarconei7@chicagotribune.com,Female,61
657,Linn,Prover,lproveri8@icio.us,Male,72
658,Xylia,Yonnie,xyonniei9@forbes.com,Female,49
659,Ciel,Wildt,cwildtia@google.es,Female,63
660,Flossie,MacTerlagh,fmacterlaghib@dot.gov,Female,17
661,Brenna,Garralts,bgarraltsic@histats.com,Female,25
662,Yelena,Keyworth,ykeyworthid@ehow.com,Female,53
663,Beitris,Giottini,bgiottiniie@list-manage.com,Female,68
664,Yank,Gibbens,ygibbensif@washingtonpost.com,Male,69
665,Laural,Boullin,lboullinig@amazon.com,Female,21
666,Jocelin,Cocklin,jcocklinih@wikia.com,Female,21
667,Herman,Twining,htwiningii@netscape.com,Male,53
668,Diann,Liptrot,dliptrotij@oaic.gov.au,Female,67
669,Carolina,Yeell,cyeellik@github.com,Female,40
670,Lovell,MacGlory,lmacgloryil@virginia.edu,Male,36
671,Michael,Puncher,mpuncherim@slashdot.org,Male,53
672,Gladys,Guillerman,gguillermanin@plala.or.jp,Female,45
673,Joell,Shortcliffe,jshortcliffeio@gizmodo.com,Female,46
674,Juliette,Arend,jarendip@is.gd,Female,30
675,Vincents,Pochon,vpochoniq@godaddy.com,Male,45
676,Harrison,Mangeney,hmangeneyir@theglobeandmail.com,Male,36
677,Bellanca,Worsnap,bworsnapis@europa.eu,Female,41
678,Joshua,Saggs,jsaggsit@dell.com,Male,58
679,Bruno,Ivakhnov,bivakhnoviu@bbc.co.uk,Male,63
680,Florrie,Oselton,foseltoniv@multiply.com,Female,61
681,Roley,Ruskin,rruskiniw@cdbaby.com,Male,40
682,Lillian,LeEstut,lleestutix@sciencedirect.com,Female,59
683,Travers,Joskowitz,tjoskowitziy@dion.ne.jp,Male,15
684,Theodore,Olivello,tolivelloiz@xing.com,Male,60
685,Ardra,Folks,afolksj0@hubpages.com,Female,16
686,Guy,Torra,gtorraj1@hud.gov,Male,33
687,Brittni,De Matteis,bdematteisj2@twitpic.com,Female,55
688,Jillie,Kelloway,jkellowayj3@comcast.net,Female,52
689,Glory,O'Donoghue,godonoghuej4@barnesandnoble.com,Female,32
690,Olly,McGeachey,omcgeacheyj5@reverbnation.com,Female,37
691,Sylas,Pettyfer,spettyferj6@mashable.com,Male,50
692,Jorie,Bennison,jbennisonj7@netscape.com,Female,19
693,Tobit,Eastby,teastbyj8@barnesandnoble.com,Male,56
694,Etienne,Spender,espenderj9@51.la,Male,33
695,Thomas,Scobie,tscobieja@bbc.co.uk,Male,59
696,Skye,Sainsbury,ssainsburyjb@nymag.com,Male,24
697,Denna,Jurges,djurgesjc@rediff.com,Female,56
698,Byran,Allsworth,ballsworthjd@europa.eu,Male,31
699,Tore,Mardell,tmardellje@admin.ch,Male,62
700,Cosette,Pearson,cpearsonjf@1und1.de,Male,13
701,Mayne,Chiverton,mchivertonjg@ftc.gov,Male,48
702,Laurena,Purkis,lpurkisjh@archive.org,Female,34
703,Isaiah,Clipston,iclipstonji@buzzfeed.com,Male,28
704,Maurita,Welford,mwelfordjj@rediff.com,Female,36
705,Giustino,Seiller,gseillerjk@facebook.com,Male,43
706,Josie,Di Dello,jdidellojl@telegraph.co.uk,Female,31
707,Pancho,Vickors,pvickorsjm@jigsy.com,Female,43
708,Ware,Domniney,wdomnineyjn@gmpg.org,Male,17
709,Cinda,Yetts,cyettsjo@typepad.com,Female,65
710,Kylie,Speechley,kspeechleyjp@weebly.com,Male,44
711,Geri,Cesconi,gcesconijq@mapy.cz,Male,36
712,Cecile,Klageman,cklagemanjr@weebly.com,Female,18
713,Shayne,Rendall,srendalljs@meetup.com,Female,18
714,Bari,Blooman,bbloomanjt@imdb.com,Female,31
715,Elias,Boissieux,eboissieuxju@techcrunch.com,Male,65
716,Anita,Roby,arobyjv@washington.edu,Female,64
717,Lewie,Badwick,lbadwickjw@tripod.com,Male,71
718,Munmro,Jacquemot,mjacquemotjx@springer.com,Male,26
719,Maribel,Port,mportjy@jalbum.net,Female,54
720,Georgette,Tomczynski,gtomczynskijz@blog.com,Female,58
721,Onfroi,Hawkswell,ohawkswellk0@reddit.com,Male,65
722,Sally,Potte,spottek1@symantec.com,Female,70
723,Cassi,Valerio,cvaleriok2@google.com.br,Female,16
724,Catie,Knill,cknillk3@sohu.com,Female,33
725,Horatio,Purchon,hpurchonk4@merriam-webster.com,Male,20
726,Fanchon,Whittick,fwhittickk5@nytimes.com,Female,30
727,Paige,Ibert,pibertk6@ucoz.ru,Female,51
728,Suzanne,Josselsohn,sjosselsohnk7@odnoklassniki.ru,Female,25
729,Faun,Gentiry,fgentiryk8@microsoft.com,Female,58
730,Martelle,Kleinhaut,mkleinhautk9@zimbio.com,Female,41
731,Rurik,Mancer,rmancerka@unesco.org,Male,19
732,Leonard,Redier,lredierkb@privacy.gov.au,Male,66
733,Levey,Drew-Clifton,ldrewcliftonkc@alibaba.com,Male,72
734,Johna,Falck,jfalckkd@nature.com,Female,43
735,Amity,Gidman,agidmanke@altervista.org,Female,36
736,Milt,Castello,mcastellokf@sciencedirect.com,Male,15
737,Louise,Stokes,lstokeskg@about.me,Female,66
738,Ivory,Bagby,ibagbykh@amazon.co.uk,Female,54
739,Micheal,Denley,mdenleyki@istockphoto.com,Male,48
740,Vitoria,Wellbelove,vwellbelovekj@google.com,Female,44
741,Hurlee,McCormick,hmccormickkk@pen.io,Male,40
742,Maurizio,Barenskie,mbarenskiekl@mysql.com,Male,68
743,Flor,Yeardsley,fyeardsleykm@artisteer.com,Female,29
744,Agnese,Samworth,asamworthkn@imgur.com,Female,43
745,Ame,Jellard,ajellardko@ebay.com,Male,22
746,Tandi,Foulser,tfoulserkp@list-manage.com,Female,32
747,Matthus,Bernette,mbernettekq@sogou.com,Male,60
748,Jennee,Naismith,jnaismithkr@yandex.ru,Female,32
749,Jayne,Chitham,jchithamks@nytimes.com,Male,19
750,Devlin,Hamner,dhamnerkt@artisteer.com,Male,65
751,Angy,Thorley,athorleyku@unesco.org,Female,38
752,Blinni,Debnam,bdebnamkv@walmart.com,Female,16
753,Talyah,Baudon,tbaudonkw@amazon.com,Female,50
754,Eartha,Draisey,edraiseykx@free.fr,Female,65
755,Barret,Comolli,bcomolliky@flavors.me,Male,36
756,Jessie,Choat,jchoatkz@noaa.gov,Male,36
757,Con,Alvy,calvyl0@oracle.com,Male,59
758,Turner,Margrem,tmargreml1@npr.org,Male,29
759,Jannel,Drohan,jdrohanl2@unicef.org,Female,56
760,Kimberly,Millyard,kmillyardl3@weibo.com,Female,52
761,Care,Gatus,cgatusl4@ucsd.edu,Male,19
762,Hendrik,Kerfod,hkerfodl5@booking.com,Male,16
763,Art,Pittel,apittell6@businesswire.com,Male,14
764,Cad,Battey,cbatteyl7@ted.com,Male,15
765,Janette,Levet,jlevetl8@thetimes.co.uk,Female,60
766,Denyse,Trunks,dtrunksl9@mac.com,Female,31
767,Iormina,Pellington,ipellingtonla@tiny.cc,Female,56
768,Caldwell,Dedrick,cdedricklb@mozilla.org,Male,23
769,Katrine,Cluely,kcluelylc@1und1.de,Female,49
770,Amitie,Tofpik,atofpikld@over-blog.com,Female,15
771,Giulia,Lovick,glovickle@w3.org,Female,67
772,Bartie,Dancer,bdancerlf@cnbc.com,Male,39
773,Amelita,Deane,adeanelg@flickr.com,Female,68
774,Avrom,Blench,ablenchlh@surveymonkey.com,Male,36
775,Corissa,Dalrymple,cdalrympleli@pbs.org,Female,43
776,Pincas,Quant,pquantlj@artisteer.com,Male,67
777,Dugald,Duesberry,dduesberrylk@chicagotribune.com,Male,25
778,Fabian,Martinez,fmartinezll@mtv.com,Male,65
779,Lisle,Forton,lfortonlm@gmpg.org,Male,60
780,Darci,Stocky,dstockyln@gravatar.com,Female,47
781,Hewet,Troop,htrooplo@goo.gl,Male,69
782,Lotte,Stollberger,lstollbergerlp@paypal.com,Female,69
783,Chrisy,Tute,ctutelq@paypal.com,Male,21
784,Paige,Alliker,pallikerlr@printfriendly.com,Female,30
785,Eddie,Tregunna,etregunnals@dell.com,Female,51
786,Hertha,Anelay,hanelaylt@mit.edu,Female,55
787,Lin,Leinthall,lleinthalllu@nifty.com,Male,52
788,Ilaire,Inman,iinmanlv@shinystat.com,Male,66
789,Muhammad,Wilds,mwildslw@discuz.net,Male,32
790,Rock,Meus,rmeuslx@bloglines.com,Male,67
791,Geoff,Dooly,gdoolyly@php.net,Male,35
792,Druci,Lorking,dlorkinglz@unesco.org,Female,39
793,Maurits,Searjeant,msearjeantm0@naver.com,Male,30
794,Filippa,Iglesia,figlesiam1@yahoo.com,Female,65
795,Cordie,Zelley,czelleym2@goo.gl,Female,45
796,Jeremy,Vose,jvosem3@reddit.com,Male,61
797,Bea,Shewring,bshewringm4@addtoany.com,Female,24
798,Joelly,Drains,jdrainsm5@apple.com,Female,67
799,Shayla,Ritter,sritterm6@cornell.edu,Female,41
800,Bobbie,Hurry,bhurrym7@bloomberg.com,Male,15
801,Tallulah,Dedham,tdedhamm8@zimbio.com,Female,54
802,Demetri,Harnett,dharnettm9@ca.gov,Female,36
803,Elwood,Edden,eeddenma@ustream.tv,Male,37
804,Bailie,De La Haye,bdelahayemb@amazon.com,Male,49
805,Lucian,Brougham,lbroughammc@google.com.br,Male,33
806,Flossie,Bosnell,fbosnellmd@storify.com,Female,40
807,Wilfred,Utton,wuttonme@photobucket.com,Male,66
808,Arlina,Ghirardi,aghirardimf@4shared.com,Female,63
809,Dale,Seif,dseifmg@example.com,Male,36
810,Rod,Depport,rdepportmh@people.com.cn,Male,54
811,Dalton,McCluin,dmccluinmi@cbsnews.com,Male,19
812,Rossie,Yesson,ryessonmj@cocolog-nifty.com,Male,42
813,Levon,Petz,lpetzmk@shinystat.com,Male,35
814,Archaimbaud,Scottini,ascottiniml@pcworld.com,Female,64
815,Corry,Gwinnel,cgwinnelmm@berkeley.edu,Female,67
816,Heath,Hing,hhingmn@youku.com,Male,68
817,Irita,Bascombe,ibascombemo@umich.edu,Female,39
818,Boothe,Gauson,bgausonmp@cisco.com,Male,51
819,West,Pilgrim,wpilgrimmq@biblegateway.com,Male,55
820,Liv,Hexter,lhextermr@tripod.com,Female,61
821,Electra,Charlick,echarlickms@list-manage.com,Female,26
822,Anissa,Boarleyson,aboarleysonmt@ftc.gov,Female,62
823,Ely,Bresner,ebresnermu@geocities.com,Male,35
824,Debby,Heape,dheapemv@biblegateway.com,Female,22
825,Yolanda,MacAlpin,ymacalpinmw@nsw.gov.au,Female,65
826,Jacquenette,Goldfinch,jgoldfinchmx@elpais.com,Male,62
827,Tad,Stangoe,tstangoemy@hexun.com,Male,44
828,Linda,Greally,lgreallymz@noaa.gov,Female,19
829,Michele,Pietrzyk,mpietrzykn0@ca.gov,Female,23
830,Dorothee,Eslie,deslien1@odnoklassniki.ru,Female,64
831,Olivier,Deedes,odeedesn2@ifeng.com,Male,70
832,Silas,MacNaughton,smacnaughtonn3@infoseek.co.jp,Male,33
833,Wolf,Rushbrooke,wrushbrooken4@utexas.edu,Male,70
834,Lorinda,Bernat,lbernatn5@storify.com,Female,48
835,Cele,Machent,cmachentn6@soundcloud.com,Female,67
836,Maurits,Acock,macockn7@gmpg.org,Male,21
837,Giulio,McKinlay,gmckinlayn8@yolasite.com,Male,27
838,Haydon,Defty,hdeftyn9@time.com,Male,43
839,Rowney,Aveson,ravesonna@seesaa.net,Male,24
840,Nathalia,Karim,nkarimnb@wsj.com,Female,28
841,Evanne,Blades,ebladesnc@4shared.com,Female,45
842,Frasquito,Mitkov,fmitkovnd@ox.ac.uk,Male,26
843,Alessandra,Baum,abaumne@walmart.com,Female,44
844,Emmy,Delwater,edelwaternf@vistaprint.com,Female,41
845,Roseann,Ingliby,ringlibyng@icio.us,Female,47
846,Chelsae,Bodicum,cbodicumnh@nymag.com,Female,23
847,Phebe,Ogles,poglesni@epa.gov,Female,42
848,Lorelle,Samwaye,lsamwayenj@pagesperso-orange.fr,Female,44
849,Rupert,Grimsditch,rgrimsditchnk@nbcnews.com,Male,19
850,Peirce,Pimme,ppimmenl@baidu.com,Female,30
851,Pepillo,Croci,pcrocinm@businesswire.com,Male,55
852,Kikelia,Heckle,khecklenn@is.gd,Female,60
853,Pierrette,Boord,pboordno@usda.gov,Female,13
854,Cameron,Jennens,cjennensnp@ucsd.edu,Male,35
855,Finley,Nettles,fnettlesnq@webeden.co.uk,Male,68
856,Ruddy,Cicerone,rciceronenr@telegraph.co.uk,Male,32
857,Mikel,Hlavac,mhlavacns@dagondesign.com,Male,33
858,Jerome,Geraudy,jgeraudynt@cocolog-nifty.com,Male,57
859,Alfonso,Alway,aalwaynu@gov.uk,Male,35
860,Fiorenze,Saltsberger,fsaltsbergernv@google.co.uk,Female,66
861,Stirling,Fendley,sfendleynw@soundcloud.com,Male,60
862,Nettle,Huscroft,nhuscroftnx@chicagotribune.com,Female,30
863,Sorcha,Breadmore,sbreadmoreny@amazon.co.jp,Female,63
864,Reinald,O'Spellissey,rospellisseynz@icq.com,Male,24
865,Sasha,Shirtcliffe,sshirtcliffeo0@wufoo.com,Female,16
866,Tiffani,Sego,tsegoo1@toplist.cz,Female,28
867,Juliette,Calbert,jcalberto2@wp.com,Female,61
868,Alfred,Forman,aformano3@ed.gov,Female,14
869,Euell,Traylen,etrayleno4@sohu.com,Male,45
870,Lindy,Staddom,lstaddomo5@alibaba.com,Male,72
871,Rowena,Nardrup,rnardrupo6@hhs.gov,Female,58
872,Ruddy,Flanders,rflanderso7@cam.ac.uk,Male,28
873,Luce,Ditchett,lditchetto8@nyu.edu,Male,49
874,Maddie,Goady,mgoadyo9@nationalgeographic.com,Female,17
875,Dani,Goodwell,dgoodwelloa@google.fr,Male,42
876,Claresta,Rosenthal,crosenthalob@shareasale.com,Female,18
877,Rickard,Tetley,rtetleyoc@nifty.com,Male,55
878,Mirna,Kleeborn,mkleebornod@cnbc.com,Male,54
879,Brandise,Linford,blinfordoe@shop-pro.jp,Female,47
880,Marylee,Oxshott,moxshottof@php.net,Female,72
881,Marysa,Cambden,mcambdenog@who.int,Female,58
882,Rodge,Eyles,reylesoh@sfgate.com,Male,49
883,Richmond,Spore,rsporeoi@amazonaws.com,Male,56
884,Claretta,Avrahamy,cavrahamyoj@geocities.jp,Female,61
885,Jess,Bidgood,jbidgoodok@cbc.ca,Female,63
886,Osborn,Dank,odankol@vk.com,Male,35
887,Lenci,Crookall,lcrookallom@netlog.com,Male,27
888,Barbra,Janas,bjanason@sina.com.cn,Female,24
889,Tiphani,Nowak,tnowakoo@dmoz.org,Female,43
890,Harriot,Leathart,hleathartop@nhs.uk,Female,27
891,Nikolos,Comizzoli,ncomizzolioq@istockphoto.com,Male,36
892,Kenneth,Samweyes,ksamweyesor@example.com,Male,17
893,Isidor,Dodding,idoddingos@msu.edu,Male,69
894,Maddie,Wardesworth,mwardesworthot@free.fr,Female,29
895,Maureen,Flintoff,mflintoffou@thetimes.co.uk,Female,34
896,Kahlil,Castanaga,kcastanagaov@twitpic.com,Male,34
897,Frankie,Tanswill,ftanswillow@vkontakte.ru,Male,32
898,Osmond,Johns,ojohnsox@is.gd,Male,20
899,Sib,Scarsbrick,sscarsbrickoy@cbslocal.com,Female,72
900,Susann,Ruppele,sruppeleoz@soup.io,Female,62
901,Denys,Heeps,dheepsp0@nps.gov,Male,15
902,Norean,Ellerby,nellerbyp1@ezinearticles.com,Female,47
903,Ajay,Wahlberg,awahlbergp2@newsvine.com,Female,17
904,Leroy,Garrish,lgarrishp3@comcast.net,Male,53
905,Lorne,Orpwood,lorpwoodp4@eepurl.com,Female,70
906,Pauli,Wareham,pwarehamp5@pcworld.com,Female,26
907,Jenica,Sahnow,jsahnowp6@php.net,Female,54
908,Milly,Carrigan,mcarriganp7@angelfire.com,Female,39
909,Saxon,Budgey,sbudgeyp8@utexas.edu,Male,71
910,Chloris,Pendrich,cpendrichp9@msu.edu,Male,39
911,Jessey,Finlayson,jfinlaysonpa@webeden.co.uk,Male,23
912,Masha,Olland,mollandpb@latimes.com,Female,55
913,Ogdan,Gottschalk,ogottschalkpc@indiatimes.com,Male,36
914,Kimberli,Maytom,kmaytompd@hibu.com,Female,52
915,Bernadette,Piccop,bpiccoppe@shareasale.com,Female,51
916,Norma,Ccomini,nccominipf@webeden.co.uk,Female,66
917,Goldarina,Dossetter,gdossetterpg@boston.com,Male,48
918,Winny,Stitch,wstitchph@altervista.org,Male,29
919,Jay,Ferreli,gferrelipi@hibu.com,Male,13
920,Karna,Barlace,kbarlacepj@accuweather.com,Female,70
921,Rick,Uwins,ruwinspk@drupal.org,Male,33
922,Alain,Anscombe,aanscombepl@cisco.com,Male,21
923,Kent,Heibel,kheibelpm@unblog.fr,Male,54
924,Bjorn,Bolesma,bbolesmapn@answers.com,Male,34
925,Son,Aneley,saneleypo@deviantart.com,Male,33
926,Kalindi,Ensley,kensleypp@reuters.com,Female,71
927,Mikaela,Cripps,mcrippspq@paypal.com,Female,42
928,Monroe,Padginton,mpadgintonpr@google.com.au,Male,37
929,Johanna,Bichener,jbichenerps@usda.gov,Male,50
930,Lev,Glasheen,lglasheenpt@weebly.com,Male,67
931,Isidro,Stanley,istanleypu@mayoclinic.com,Male,19
932,Noami,Hasslocher,nhasslocherpv@mac.com,Female,49
933,Tilda,Thain,tthainpw@ucla.edu,Female,64
934,Thalia,Stitwell,tstitwellpx@wix.com,Female,34
935,Joachim,Blakeborough,jblakeboroughpy@google.nl,Male,69
936,Austin,Caldron,acaldronpz@diigo.com,Male,16
937,Verge,O'Hannen,vohannenq0@ning.com,Male,43
938,Sullivan,Hasney,shasneyq1@sakura.ne.jp,Male,20
939,Allin,Dury,aduryq2@cyberchimps.com,Male,63
940,Barde,Christiensen,bchristiensenq3@barnesandnoble.com,Male,39
941,Teressa,Glassup,tglassupq4@so-net.ne.jp,Female,59
942,Mirelle,Errichi,merrichiq5@harvard.edu,Male,35
943,Gottfried,Bristo,gbristoq6@illinois.edu,Male,47
944,Janaye,Knight,jknightq7@wufoo.com,Female,42
945,Conn,Riglesford,criglesfordq8@nyu.edu,Male,69
946,Lexy,Slocom,lslocomq9@gnu.org,Female,53
947,Emmery,Stuckes,estuckesqa@opera.com,Male,59
948,Tish,Totaro,ttotaroqb@desdev.cn,Female,59
949,Collen,Titherington,ctitheringtonqc@wordpress.org,Female,50
950,Wilmer,Attreed,wattreedqd@wikipedia.org,Male,54
951,Lawrence,Polson,lpolsonqe@marketwatch.com,Male,44
952,Lauryn,Greenacre,lgreenacreqf@apple.com,Female,37
953,Goddart,Di Franceschi,gdifranceschiqg@tmall.com,Male,20
954,Pierce,Ost,postqh@amazon.co.uk,Male,68
955,Devi,Gulliford,dgullifordqi@hp.com,Female,59
956,Anissa,Horsell,ahorsellqj@sbwire.com,Female,23
957,Muire,Caldeyroux,mcaldeyrouxqk@altervista.org,Female,40
958,Trever,Sprull,tsprullql@guardian.co.uk,Male,22
959,Matty,McIllrick,mmcillrickqm@washingtonpost.com,Female,32
960,Blinni,Gerardet,bgerardetqn@nationalgeographic.com,Female,21
961,Constanta,Emptage,cemptageqo@ft.com,Female,14
962,Gib,Howton,ghowtonqp@foxnews.com,Male,30
963,Eada,Roskams,eroskamsqq@eventbrite.com,Female,18
964,Byran,Jaskiewicz,bjaskiewiczqr@aol.com,Male,49
965,Norean,Coneau,nconeauqs@bigcartel.com,Female,64
966,Kermy,Hinrichs,khinrichsqt@bing.com,Male,53
967,Elwira,Habbershon,ehabbershonqu@facebook.com,Female,26
968,Phillida,Woffinden,pwoffindenqv@themeforest.net,Female,16
969,Drucy,Clavering,dclaveringqw@mapy.cz,Female,39
970,Midge,De Hooch,mdehoochqx@cnn.com,Female,44
971,Ewart,Boness,ebonessqy@wikispaces.com,Male,67
972,Kelli,Branigan,kbraniganqz@upenn.edu,Female,37
973,Graehme,Cowlin,gcowlinr0@sina.com.cn,Male,33
974,Myriam,Brosetti,mbrosettir1@ehow.com,Female,70
975,Rutledge,Basilotta,rbasilottar2@amazon.co.uk,Male,14
976,Haskel,Pesik,hpesikr3@ocn.ne.jp,Male,17
977,Kellia,Havard,khavardr4@reuters.com,Female,49
978,Vivian,Sammars,vsammarsr5@wikia.com,Female,29
979,Hallsy,Rock,hrockr6@addthis.com,Male,70
980,Averil,Carrodus,acarrodusr7@un.org,Male,44
981,Sonnie,De Mattei,sdematteir8@liveinternet.ru,Male,34
982,Marinna,Dreakin,mdreakinr9@devhub.com,Female,41
983,Darby,Matuszak,dmatuszakra@xing.com,Male,54
984,Forester,Gergely,fgergelyrb@multiply.com,Male,53
985,Obediah,Muckley,omuckleyrc@shop-pro.jp,Male,34
986,Graig,Boult,gboultrd@hugedomains.com,Male,54
987,Carson,Klemke,cklemkere@hp.com,Male,43
988,Nefen,Dybald,ndybaldrf@cyberchimps.com,Male,23
989,Hynda,Luthwood,hluthwoodrg@cnn.com,Female,42
990,Misti,Keasy,mkeasyrh@ow.ly,Female,30
991,Mattie,Thynn,mthynnri@slashdot.org,Male,59
992,Sherry,Lenney,slenneyrj@aol.com,Female,56
993,Chen,Antonignetti,cantonignettirk@vistaprint.com,Male,51
994,Paolo,Nottingham,pnottinghamrl@ezinearticles.com,Male,69
995,Wallas,Hebbes,whebbesrm@alexa.com,Male,28
996,Kenon,Tyrie,ktyriern@ucoz.ru,Male,68
997,Willey,Retallack,wretallackro@hexun.com,Male,40
998,Roderick,Muncer,rmuncerrp@cpanel.net,Male,38
999,Koralle,Cray,kcrayrq@wordpress.org,Female,36
1000,Hope,Borkin,hborkinrr@digg.com,Female,51
